,S.No,Local Government Area,Year,Adult_Population,Suburb Name,Postcode,2016 Median Sold Price
0,20660,Banyule,2016.0,"99,850",Bellfield,3081,720000.0
1,20660,Banyule,2016.0,"99,850",Briar Hill,3088,665000.0
2,20660,Banyule,2016.0,"99,850",Bundoora,3083,626000.0
3,20660,Banyule,2016.0,"99,850",Eaglemont,3084,1800000.0
4,20660,Banyule,2016.0,"99,850",Eltham,3095,765000.0
5,20660,Banyule,2016.0,"99,850",Eltham North,3095,803000.0
6,20660,Banyule,2016.0,"99,850",Greensborough,3088,650000.0
7,20660,Banyule,2016.0,"99,850",Heidelberg,3084,1014000.0
8,20660,Banyule,2016.0,"99,850",Heidelberg Heights,3081,675000.0
9,20660,Banyule,2016.0,"99,850",Heidelberg West,3081,580000.0
10,20660,Banyule,2016.0,"99,850",Ivanhoe,3079,1050000.0
11,20660,Banyule,2016.0,"99,850",Ivanhoe East,3079,1653000.0
12,20660,Banyule,2016.0,"99,850",Lower Plenty,3093,813000.0
13,20660,Banyule,2016.0,"99,850",Macleod,3085,754000.0
14,20660,Banyule,2016.0,"99,850",Montmorency,3094,722000.0
15,20660,Banyule,2016.0,"99,850",Rosanna,3084,885000.0
16,20660,Banyule,2016.0,"99,850",Saint Helena,3088,720000.0
17,20660,Banyule,2016.0,"99,850",Viewbank,3084,839000.0
18,20660,Banyule,2016.0,"99,850",Watsonia,3087,624000.0
19,20660,Banyule,2016.0,"99,850",Watsonia North,3087,645000.0
20,20660,Banyule,2016.0,"99,850",Yallambie,3085,683000.0
21,20910,Bayside,2016.0,"78,669",Beaumaris,3193,1330000.0
22,20910,Bayside,2016.0,"78,669",Black Rock,3193,1461000.0
23,20910,Bayside,2016.0,"78,669",Brighton,3186,2235000.0
24,20910,Bayside,2016.0,"78,669",Brighton East,3187,1560000.0
25,20910,Bayside,2016.0,"78,669",Cheltenham,3192,800000.0
26,20910,Bayside,2016.0,"78,669",Hampton,3188,1660000.0
27,20910,Bayside,2016.0,"78,669",Hampton East,3188,1050000.0
28,20910,Bayside,2016.0,"78,669",Highett,3190,920000.0
29,20910,Bayside,2016.0,"78,669",Moorabbin,3189,865000.0
30,20910,Bayside,2016.0,"78,669",Sandringham,3191,1483000.0
31,21110,Boroondara,2016.0,"138,430",Ashburton,3147,1500000.0
32,21110,Boroondara,2016.0,"138,430",Balwyn,3103,2000000.0
33,21110,Boroondara,2016.0,"138,430",Balwyn North,3104,1800000.0
34,21110,Boroondara,2016.0,"138,430",Burwood,3125,1124000.0
35,21110,Boroondara,2016.0,"138,430",Camberwell,3124,1850000.0
36,21110,Boroondara,2016.0,"138,430",Canterbury,3126,2349000.0
37,21110,Boroondara,2016.0,"138,430",Hawthorn,3122,1642000.0
38,21110,Boroondara,2016.0,"138,430",Hawthorn East,3123,1611000.0
39,21110,Boroondara,2016.0,"138,430",Kew,3101,2015000.0
40,21110,Boroondara,2016.0,"138,430",Kew East,3102,1654000.0
41,21110,Boroondara,2016.0,"138,430",Mont Albert,3127,1838000.0
42,21110,Boroondara,2016.0,"138,430",Surrey Hills,3127,1676000.0
43,21180,Brimbank,2016.0,"158,457",Albanvale,3021,370000.0
44,21180,Brimbank,2016.0,"158,457",Albion,3020,521000.0
45,21180,Brimbank,2016.0,"158,457",Ardeer,3022,428000.0
46,21180,Brimbank,2016.0,"158,457",Cairnlea,3023,564000.0
47,21180,Brimbank,2016.0,"158,457",Deer Park,3023,400000.0
48,21180,Brimbank,2016.0,"158,457",Delahey,3037,406000.0
49,21180,Brimbank,2016.0,"158,457",Derrimut,3026,499000.0
50,21180,Brimbank,2016.0,"158,457",Kealba,3021,420000.0
51,21180,Brimbank,2016.0,"158,457",Keilor,3036,731000.0
52,21180,Brimbank,2016.0,"158,457",Keilor Downs,3038,490000.0
53,21180,Brimbank,2016.0,"158,457",Keilor Lodge,3038,576000.0
54,21180,Brimbank,2016.0,"158,457",Keilor Park,3042,562000.0
55,21180,Brimbank,2016.0,"158,457",Kings Park,3021,375000.0
56,21180,Brimbank,2016.0,"158,457",St Albans,3021,445000.0
57,21180,Brimbank,2016.0,"158,457",Sunshine,3020,589000.0
58,21180,Brimbank,2016.0,"158,457",Sunshine North,3020,510000.0
59,21180,Brimbank,2016.0,"158,457",Sunshine West,3020,476000.0
60,21180,Brimbank,2016.0,"158,457",Sydenham,3037,433000.0
61,21180,Brimbank,2016.0,"158,457",Taylors Lakes,3038,581000.0
62,21450,Cardinia,2016.0,"72,402",Avonsleigh,3782,585000.0
63,21450,Cardinia,2016.0,"72,402",Beaconsfield,3807,585000.0
64,21450,Cardinia,2016.0,"72,402",Beaconsfield Upper,3808,740000.0
65,21450,Cardinia,2016.0,"72,402",Bunyip,3815,445000.0
66,21450,Cardinia,2016.0,"72,402",Cockatoo,3781,470000.0
67,21450,Cardinia,2016.0,"72,402",Emerald,3782,580000.0
68,21450,Cardinia,2016.0,"72,402",Garfield,3814,404000.0
69,21450,Cardinia,2016.0,"72,402",Gembrook,3783,589000.0
70,21450,Cardinia,2016.0,"72,402",Koo Wee Rup,3981,350000.0
71,21450,Cardinia,2016.0,"72,402",Lang Lang,3984,320000.0
72,21450,Cardinia,2016.0,"72,402",Longwarry,3816,314000.0
73,21450,Cardinia,2016.0,"72,402",Maryknoll,3812,499000.0
74,21450,Cardinia,2016.0,"72,402",Menzies Creek,3159,615000.0
75,21450,Cardinia,2016.0,"72,402",Nar Nar Goon,3812,550000.0
76,21450,Cardinia,2016.0,"72,402",Nar Nar Goon North,3812,659000.0
77,21450,Cardinia,2016.0,"72,402",Nyora,3987,380000.0
78,21450,Cardinia,2016.0,"72,402",Officer,3809,430000.0
79,21450,Cardinia,2016.0,"72,402",Pakenham,3810,399000.0
80,21450,Cardinia,2016.0,"72,402",Pakenham Upper,3810,758000.0
81,21450,Cardinia,2016.0,"72,402",Tenby Point,3984,265000.0
82,21450,Cardinia,2016.0,"72,402",Tooradin,3980,485000.0
83,21450,Cardinia,2016.0,"72,402",Tynong,3813,415000.0
84,21610,Casey,2016.0,"231,449",Berwick,3806,565000.0
85,21610,Casey,2016.0,"231,449",Blind Bight,3980,420000.0
86,21610,Casey,2016.0,"231,449",Cannons Creek,3977,390000.0
87,21610,Casey,2016.0,"231,449",Clyde,3978,440000.0
88,21610,Casey,2016.0,"231,449",Clyde North,3978,460000.0
89,21610,Casey,2016.0,"231,449",Cranbourne,3977,365000.0
90,21610,Casey,2016.0,"231,449",Cranbourne East,3977,450000.0
91,21610,Casey,2016.0,"231,449",Cranbourne North,3977,416000.0
92,21610,Casey,2016.0,"231,449",Cranbourne South,3977,915000.0
93,21610,Casey,2016.0,"231,449",Cranbourne West,3977,385000.0
94,21610,Casey,2016.0,"231,449",Devon Meadows,3977,765000.0
95,21610,Casey,2016.0,"231,449",Doveton,3177,382000.0
96,21610,Casey,2016.0,"231,449",Endeavour Hills,3802,514000.0
97,21610,Casey,2016.0,"231,449",Eumemmerring,3177,415000.0
98,21610,Casey,2016.0,"231,449",Hallam,3803,440000.0
99,21610,Casey,2016.0,"231,449",Hampton Park,3976,390000.0
100,21610,Casey,2016.0,"231,449",Harkaway,3806,650000.0
101,21610,Casey,2016.0,"231,449",Junction Village,3977,380000.0
102,21610,Casey,2016.0,"231,449",Lynbrook,3975,514000.0
103,21610,Casey,2016.0,"231,449",Lyndhurst,3975,556000.0
104,21610,Casey,2016.0,"231,449",Lysterfield South,3156,1058000.0
105,21610,Casey,2016.0,"231,449",Narre Warren,3805,457000.0
106,21610,Casey,2016.0,"231,449",Narre Warren North,3804,885000.0
107,21610,Casey,2016.0,"231,449",Narre Warren South,3805,505000.0
108,21610,Casey,2016.0,"231,449",Pearcedale,3912,495000.0
109,21890,Darebin,2016.0,"123,281",Coburg,3058,778000.0
110,21890,Darebin,2016.0,"123,281",Coburg North,3058,663000.0
111,21890,Darebin,2016.0,"123,281",Kingsbury,3083,569000.0
112,21890,Darebin,2016.0,"123,281",Northcote,3070,1040000.0
113,21890,Darebin,2016.0,"123,281",Preston,3072,777000.0
114,21890,Darebin,2016.0,"123,281",Reservoir,3073,600000.0
115,21890,Darebin,2016.0,"123,281",Thornbury,3071,915000.0
116,22170,Frankston,2016.0,"109,114",Carrum Downs,3201,392000.0
117,22170,Frankston,2016.0,"109,114",Frankston,3199,435000.0
118,22170,Frankston,2016.0,"109,114",Frankston North,3200,330000.0
119,22170,Frankston,2016.0,"109,114",Frankston South,3199,636000.0
120,22170,Frankston,2016.0,"109,114",Langwarrin,3910,465000.0
121,22170,Frankston,2016.0,"109,114",Langwarrin South,3911,927000.0
122,22170,Frankston,2016.0,"109,114",Sandhurst,3977,630000.0
123,22170,Frankston,2016.0,"109,114",Seaford,3198,511000.0
124,22170,Frankston,2016.0,"109,114",Skye,3977,439000.0
125,22310,Glen Eira,2016.0,"115,105",Bentleigh,3204,1252000.0
126,22310,Glen Eira,2016.0,"115,105",Bentleigh East,3165,1040000.0
127,22310,Glen Eira,2016.0,"115,105",Carnegie,3163,1250000.0
128,22310,Glen Eira,2016.0,"115,105",Caulfield,3162,1539000.0
129,22310,Glen Eira,2016.0,"115,105",Caulfield East,3145,1165000.0
130,22310,Glen Eira,2016.0,"115,105",Caulfield North,3161,1625000.0
131,22310,Glen Eira,2016.0,"115,105",Caulfield South,3162,1362000.0
132,22310,Glen Eira,2016.0,"115,105",Elsternwick,3185,1500000.0
133,22310,Glen Eira,2016.0,"115,105",Gardenvale,3185,1300000.0
134,22310,Glen Eira,2016.0,"115,105",Glen Huntly,3163,790000.0
135,22310,Glen Eira,2016.0,"115,105",McKinnon,3204,1360000.0
136,22310,Glen Eira,2016.0,"115,105",Murrumbeena,3163,1180000.0
137,22310,Glen Eira,2016.0,"115,105",Ormond,3204,1300000.0
138,22670,Greater Dandenong,2016.0,"124,599",Dandenong,3175,456000.0
139,22670,Greater Dandenong,2016.0,"124,599",Dandenong North,3175,500000.0
140,22670,Greater Dandenong,2016.0,"124,599",Keysborough,3173,614000.0
141,22670,Greater Dandenong,2016.0,"124,599",Noble Park,3174,500000.0
142,22670,Greater Dandenong,2016.0,"124,599",Noble Park North,3174,520000.0
143,22670,Greater Dandenong,2016.0,"124,599",Springvale,3171,631000.0
144,22670,Greater Dandenong,2016.0,"124,599",Springvale South,3172,572000.0
145,23110,Hobsons Bay,2016.0,"72,429",Altona,3018,724000.0
146,23110,Hobsons Bay,2016.0,"72,429",Altona Meadows,3028,470000.0
147,23110,Hobsons Bay,2016.0,"72,429",Altona North,3025,650000.0
148,23110,Hobsons Bay,2016.0,"72,429",Brooklyn,3012,555000.0
149,23110,Hobsons Bay,2016.0,"72,429",Laverton,3028,410000.0
150,23110,Hobsons Bay,2016.0,"72,429",Newport,3015,841000.0
151,23110,Hobsons Bay,2016.0,"72,429",Seabrook,3028,477000.0
152,23110,Hobsons Bay,2016.0,"72,429",Seaholme,3018,769000.0
153,23110,Hobsons Bay,2016.0,"72,429",South Kingsville,3015,761000.0
154,23110,Hobsons Bay,2016.0,"72,429",Spotswood,3015,863000.0
155,23110,Hobsons Bay,2016.0,"72,429",Williamstown,3016,1100000.0
156,23110,Hobsons Bay,2016.0,"72,429",Williamstown North,3016,805000.0
157,23270,Hume,2016.0,"153,462",Attwood,3049,655000.0
158,23270,Hume,2016.0,"153,462",Broadmeadows,3047,381000.0
159,23270,Hume,2016.0,"153,462",Campbellfield,3061,390000.0
160,23270,Hume,2016.0,"153,462",Craigieburn,3064,420000.0
161,23270,Hume,2016.0,"153,462",Dallas,3047,386000.0
162,23270,Hume,2016.0,"153,462",Diggers Rest,3427,367000.0
163,23270,Hume,2016.0,"153,462",Gladstone Park,3043,480000.0
164,23270,Hume,2016.0,"153,462",Greenvale,3059,521000.0
165,23270,Hume,2016.0,"153,462",Jacana,3047,388000.0
166,23270,Hume,2016.0,"153,462",Meadow Heights,3048,386000.0
167,23270,Hume,2016.0,"153,462",Mickleham,3064,477000.0
168,23270,Hume,2016.0,"153,462",Roxburgh Park,3064,429000.0
169,23270,Hume,2016.0,"153,462",Sunbury,3429,384000.0
170,23270,Hume,2016.0,"153,462",Westmeadows,3049,483000.0
171,23430,Kingston,2016.0,"124,594",Aspendale,3195,811000.0
172,23430,Kingston,2016.0,"124,594",Aspendale Gardens,3195,735000.0
173,23430,Kingston,2016.0,"124,594",Bonbeach,3196,700000.0
174,23430,Kingston,2016.0,"124,594",Carrum,3197,610000.0
175,23430,Kingston,2016.0,"124,594",Chelsea,3196,646000.0
176,23430,Kingston,2016.0,"124,594",Chelsea Heights,3196,600000.0
177,23430,Kingston,2016.0,"124,594",Clarinda,3169,685000.0
178,23430,Kingston,2016.0,"124,594",Clayton South,3169,670000.0
179,23430,Kingston,2016.0,"124,594",Dingley Village,3172,697000.0
180,23430,Kingston,2016.0,"124,594",Edithvale,3196,795000.0
181,23430,Kingston,2016.0,"124,594",Heatherton,3202,783000.0
182,23430,Kingston,2016.0,"124,594",Mentone,3194,860000.0
183,23430,Kingston,2016.0,"124,594",Mordialloc,3195,782000.0
184,23430,Kingston,2016.0,"124,594",Oakleigh South,3167,782000.0
185,23430,Kingston,2016.0,"124,594",Parkdale,3195,933000.0
186,23430,Kingston,2016.0,"124,594",Patterson Lakes,3197,750000.0
187,23430,Kingston,2016.0,"124,594",Waterways,3195,910000.0
188,23670,Knox,2016.0,"127,047",Bayswater,3153,620000.0
189,23670,Knox,2016.0,"127,047",Boronia,3155,580000.0
190,23670,Knox,2016.0,"127,047",Ferntree Gully,3156,605000.0
191,23670,Knox,2016.0,"127,047",Knoxfield,3180,691000.0
192,23670,Knox,2016.0,"127,047",Lysterfield,3156,831000.0
193,23670,Knox,2016.0,"127,047",Rowville,3178,734000.0
194,23670,Knox,2016.0,"127,047",Sassafras,3787,647000.0
195,23670,Knox,2016.0,"127,047",Scoresby,3179,677000.0
196,23670,Knox,2016.0,"127,047",The Basin,3154,550000.0
197,23670,Knox,2016.0,"127,047",Upper Ferntree Gully,3156,565000.0
198,23670,Knox,2016.0,"127,047",Wantirna,3152,788000.0
199,23670,Knox,2016.0,"127,047",Wantirna South,3152,850000.0
200,24210,Manningham,2016.0,"97,529",Bulleen,3105,1075000.0
201,24210,Manningham,2016.0,"97,529",Doncaster,3108,1200000.0
202,24210,Manningham,2016.0,"97,529",Doncaster East,3109,1130000.0
203,24210,Manningham,2016.0,"97,529",Donvale,3111,1038000.0
204,24210,Manningham,2016.0,"97,529",Nunawading,3131,861000.0
205,24210,Manningham,2016.0,"97,529",Park Orchards,3114,1360000.0
206,24210,Manningham,2016.0,"97,529",Ringwood North,3134,790000.0
207,24210,Manningham,2016.0,"97,529",Templestowe,3106,1261000.0
208,24210,Manningham,2016.0,"97,529",Templestowe Lower,3107,1040000.0
209,24210,Manningham,2016.0,"97,529",Warrandyte,3113,999000.0
210,24210,Manningham,2016.0,"97,529",Warrandyte South,3134,1443000.0
211,24210,Manningham,2016.0,"97,529",Wonga Park,3115,930000.0
212,24330,Maribyrnong,2016.0,"69,093",Braybrook,3019,555000.0
213,24330,Maribyrnong,2016.0,"69,093",Footscray,3011,665000.0
214,24330,Maribyrnong,2016.0,"69,093",Kingsville,3012,782000.0
215,24330,Maribyrnong,2016.0,"69,093",Maidstone,3012,620000.0
216,24330,Maribyrnong,2016.0,"69,093",Maribyrnong,3032,750000.0
217,24330,Maribyrnong,2016.0,"69,093",Seddon,3011,800000.0
218,24330,Maribyrnong,2016.0,"69,093",West Footscray,3012,660000.0
219,24330,Maribyrnong,2016.0,"69,093",Yarraville,3013,800000.0
220,24410,Maroondah,2016.0,"89,771",Bayswater North,3153,560000.0
221,24410,Maroondah,2016.0,"89,771",Croydon,3136,615000.0
222,24410,Maroondah,2016.0,"89,771",Croydon Hills,3136,710000.0
223,24410,Maroondah,2016.0,"89,771",Croydon North,3136,700000.0
224,24410,Maroondah,2016.0,"89,771",Croydon South,3136,600000.0
225,24410,Maroondah,2016.0,"89,771",Heathmont,3135,760000.0
226,24410,Maroondah,2016.0,"89,771",Kilsyth,3137,555000.0
227,24410,Maroondah,2016.0,"89,771",Kilsyth South,3137,695000.0
228,24410,Maroondah,2016.0,"89,771",Ringwood,3134,781000.0
229,24410,Maroondah,2016.0,"89,771",Ringwood East,3135,750000.0
230,24410,Maroondah,2016.0,"89,771",Warranwood,3134,835000.0
231,24600,Melbourne,2016.0,"127,232",Carlton,3053,726000.0
232,24600,Melbourne,2016.0,"127,232",Carlton North,3054,1246000.0
233,24600,Melbourne,2016.0,"127,232",Docklands,3008,1520000.0
234,24600,Melbourne,2016.0,"127,232",East Melbourne,3002,1825000.0
235,24600,Melbourne,2016.0,"127,232",Flemington,3031,815000.0
236,24600,Melbourne,2016.0,"127,232",Kensington,3031,824000.0
237,24600,Melbourne,2016.0,"127,232",Melbourne,3000,602000.0
238,24600,Melbourne,2016.0,"127,232",Melbourne West,3003,780000.0
239,24600,Melbourne,2016.0,"127,232",North Melbourne,3051,925000.0
240,24600,Melbourne,2016.0,"127,232",Parkville,3052,645000.0
241,24600,Melbourne,2016.0,"127,232",Port Melbourne,3207,1268000.0
242,24600,Melbourne,2016.0,"127,232",South Yarra,3141,1400000.0
243,24600,Melbourne,2016.0,"127,232",Southbank,3006,660000.0
244,24650,Melton,2016.0,"102,097",Brookfield,3338,350000.0
245,24650,Melton,2016.0,"102,097",Burnside,3023,430000.0
246,24650,Melton,2016.0,"102,097",Burnside Heights,3023,488000.0
247,24650,Melton,2016.0,"102,097",Caroline Springs,3023,498000.0
248,24650,Melton,2016.0,"102,097",Eynesbury,3338,416000.0
249,24650,Melton,2016.0,"102,097",Hillside,3037,488000.0
250,24650,Melton,2016.0,"102,097",Kurunjang,3337,305000.0
251,24650,Melton,2016.0,"102,097",Melton,3337,272000.0
252,24650,Melton,2016.0,"102,097",Melton South,3338,269000.0
253,24650,Melton,2016.0,"102,097",Melton West,3337,310000.0
254,24650,Melton,2016.0,"102,097",Ravenhall,3023,446000.0
255,24650,Melton,2016.0,"102,097",Rockbank,3335,341000.0
256,24650,Melton,2016.0,"102,097",Taylors Hill,3037,550000.0
257,24650,Melton,2016.0,"102,097",Truganina,3029,400000.0
258,24970,Monash,2016.0,"153,720",Ashwood,3147,1135000.0
259,24970,Monash,2016.0,"153,720",Chadstone,3148,895000.0
260,24970,Monash,2016.0,"153,720",Clayton,3168,890000.0
261,24970,Monash,2016.0,"153,720",Hughesdale,3166,1100000.0
262,24970,Monash,2016.0,"153,720",Huntingdale,3166,846000.0
263,24970,Monash,2016.0,"153,720",Mount Waverley,3149,1220000.0
264,24970,Monash,2016.0,"153,720",Mulgrave,3170,758000.0
265,24970,Monash,2016.0,"153,720",Notting Hill,3168,831000.0
266,24970,Monash,2016.0,"153,720",Oakleigh,3166,970000.0
267,24970,Monash,2016.0,"153,720",Oakleigh East,3166,859000.0
268,24970,Monash,2016.0,"153,720",Wheelers Hill,3150,1000000.0
269,25060,Moonee Valley,2016.0,"97,118",Aberfeldie,3040,1295000.0
270,25060,Moonee Valley,2016.0,"97,118",Airport West,3042,650000.0
271,25060,Moonee Valley,2016.0,"97,118",Ascot Vale,3032,905000.0
272,25060,Moonee Valley,2016.0,"97,118",Avondale Heights,3034,676000.0
273,25060,Moonee Valley,2016.0,"97,118",Essendon,3040,955000.0
274,25060,Moonee Valley,2016.0,"97,118",Essendon North,3041,688000.0
275,25060,Moonee Valley,2016.0,"97,118",Essendon West,3040,925000.0
276,25060,Moonee Valley,2016.0,"97,118",Keilor East,3033,672000.0
277,25060,Moonee Valley,2016.0,"97,118",Moonee Ponds,3039,915000.0
278,25060,Moonee Valley,2016.0,"97,118",Niddrie,3042,830000.0
279,25060,Moonee Valley,2016.0,"97,118",Strathmore,3041,1048000.0
280,25060,Moonee Valley,2016.0,"97,118",Strathmore Heights,3041,755000.0
281,25250,Moreland,2016.0,"136,461",Brunswick,3056,850000.0
282,25250,Moreland,2016.0,"136,461",Brunswick East,3057,815000.0
283,25250,Moreland,2016.0,"136,461",Brunswick West,3055,795000.0
284,25250,Moreland,2016.0,"136,461",Fawkner,3060,525000.0
285,25250,Moreland,2016.0,"136,461",Glenroy,3046,501000.0
286,25250,Moreland,2016.0,"136,461",Gowanbrae,3043,591000.0
287,25250,Moreland,2016.0,"136,461",Hadfield,3046,541000.0
288,25250,Moreland,2016.0,"136,461",Oak Park,3046,625000.0
289,25250,Moreland,2016.0,"136,461",Pascoe Vale,3044,600000.0
290,25250,Moreland,2016.0,"136,461",Pascoe Vale South,3044,749000.0
291,25250,Moreland,2016.0,"136,461",Tullamarine,3043,455000.0
292,25340,Mornington Peninsula,2016.0,"128,156",Balnarring,3926,650000.0
293,25340,Mornington Peninsula,2016.0,"128,156",Balnarring Beach,3926,950000.0
294,25340,Mornington Peninsula,2016.0,"128,156",Baxter,3911,403000.0
295,25340,Mornington Peninsula,2016.0,"128,156",Bittern,3918,450000.0
296,25340,Mornington Peninsula,2016.0,"128,156",Blairgowrie,3942,750000.0
297,25340,Mornington Peninsula,2016.0,"128,156",Cape Schanck,3939,725000.0
298,25340,Mornington Peninsula,2016.0,"128,156",Crib Point,3919,350000.0
299,25340,Mornington Peninsula,2016.0,"128,156",Dromana,3936,590000.0
300,25340,Mornington Peninsula,2016.0,"128,156",Fingal,3939,875000.0
301,25340,Mornington Peninsula,2016.0,"128,156",Flinders,3929,1350000.0
302,25340,Mornington Peninsula,2016.0,"128,156",Hastings,3915,375000.0
303,25340,Mornington Peninsula,2016.0,"128,156",Main Ridge,3928,1908000.0
304,25340,Mornington Peninsula,2016.0,"128,156",McCrae,3938,628000.0
305,25340,Mornington Peninsula,2016.0,"128,156",Merricks Beach,3926,750000.0
306,25340,Mornington Peninsula,2016.0,"128,156",Mornington,3931,661000.0
307,25340,Mornington Peninsula,2016.0,"128,156",Mount Eliza,3930,875000.0
308,25340,Mornington Peninsula,2016.0,"128,156",Mount Martha,3934,770000.0
309,25340,Mornington Peninsula,2016.0,"128,156",Portsea,3944,1853000.0
310,25340,Mornington Peninsula,2016.0,"128,156",Red Hill,3937,883000.0
311,25340,Mornington Peninsula,2016.0,"128,156",Red Hill South,3937,1158000.0
312,25340,Mornington Peninsula,2016.0,"128,156",Rosebud,3939,435000.0
313,25340,Mornington Peninsula,2016.0,"128,156",Rye,3941,522000.0
314,25340,Mornington Peninsula,2016.0,"128,156",Safety Beach,3936,615000.0
315,25340,Mornington Peninsula,2016.0,"128,156",Shoreham,3916,1300000.0
316,25340,Mornington Peninsula,2016.0,"128,156",Somers,3927,740000.0
317,25340,Mornington Peninsula,2016.0,"128,156",Somerville,3912,450000.0
318,25340,Mornington Peninsula,2016.0,"128,156",Sorrento,3943,980000.0
319,25340,Mornington Peninsula,2016.0,"128,156",St Andrews Beach,3941,680000.0
320,25340,Mornington Peninsula,2016.0,"128,156",Tootgarook,3941,445000.0
321,25340,Mornington Peninsula,2016.0,"128,156",Tyabb,3913,425000.0
322,25710,Nillumbik,2016.0,"49,213",Diamond Creek,3089,610000.0
323,25710,Nillumbik,2016.0,"49,213",Doreen,3754,475000.0
324,25710,Nillumbik,2016.0,"49,213",Hurstbridge,3099,561000.0
325,25710,Nillumbik,2016.0,"49,213",Kangaroo Ground,3097,1298000.0
326,25710,Nillumbik,2016.0,"49,213",Kinglake,3763,413000.0
327,25710,Nillumbik,2016.0,"49,213",Kinglake West,3757,460000.0
328,25710,Nillumbik,2016.0,"49,213",Panton Hill,3759,833000.0
329,25710,Nillumbik,2016.0,"49,213",Plenty,3090,978000.0
330,25710,Nillumbik,2016.0,"49,213",Research,3095,940000.0
331,25710,Nillumbik,2016.0,"49,213",St Andrews,3761,703000.0
332,25710,Nillumbik,2016.0,"49,213",Warrandyte North,3113,763000.0
333,25710,Nillumbik,2016.0,"49,213",Wattle Glen,3096,600000.0
334,25710,Nillumbik,2016.0,"49,213",Yarrambat,3091,1070000.0
335,25900,Port Phillip,2016.0,"89,077",Albert Park,3206,1723000.0
336,25900,Port Phillip,2016.0,"89,077",Balaclava,3183,1170000.0
337,25900,Port Phillip,2016.0,"89,077",Elwood,3184,1600000.0
338,25900,Port Phillip,2016.0,"89,077",Middle Park,3206,1950000.0
339,25900,Port Phillip,2016.0,"89,077",Ripponlea,3185,1460000.0
340,25900,Port Phillip,2016.0,"89,077",South Melbourne,3205,1200000.0
341,25900,Port Phillip,2016.0,"89,077",St Kilda,3182,965000.0
342,25900,Port Phillip,2016.0,"89,077",St Kilda East,3183,1368000.0
343,25900,Port Phillip,2016.0,"89,077",St Kilda West,3182,1913000.0
344,25900,Port Phillip,2016.0,"89,077",Windsor,3181,1151000.0
345,26350,Stonnington,2016.0,"90,965",Armadale,3143,2015000.0
346,26350,Stonnington,2016.0,"90,965",Glen Iris,3146,1784000.0
347,26350,Stonnington,2016.0,"90,965",Kooyong,3144,3275000.0
348,26350,Stonnington,2016.0,"90,965",Malvern,3144,1970000.0
349,26350,Stonnington,2016.0,"90,965",Malvern East,3145,1488000.0
350,26350,Stonnington,2016.0,"90,965",Prahran,3181,1303000.0
351,26350,Stonnington,2016.0,"90,965",Toorak,3142,3298000.0
352,26980,Whitehorse,2016.0,"134,835",Blackburn,3130,1175000.0
353,26980,Whitehorse,2016.0,"134,835",Blackburn North,3130,925000.0
354,26980,Whitehorse,2016.0,"134,835",Blackburn South,3130,948000.0
355,26980,Whitehorse,2016.0,"134,835",Box Hill,3128,1035000.0
356,26980,Whitehorse,2016.0,"134,835",Box Hill North,3129,1050000.0
357,26980,Whitehorse,2016.0,"134,835",Box Hill South,3128,1120000.0
358,26980,Whitehorse,2016.0,"134,835",Burwood East,3151,988000.0
359,26980,Whitehorse,2016.0,"134,835",Forest Hill,3131,879000.0
360,26980,Whitehorse,2016.0,"134,835",Mitcham,3132,852000.0
361,26980,Whitehorse,2016.0,"134,835",Mont Albert North,3129,1350000.0
362,26980,Whitehorse,2016.0,"134,835",Vermont,3133,857000.0
363,26980,Whitehorse,2016.0,"134,835",Vermont South,3133,1053000.0
364,27070,Whittlesea,2016.0,"155,311",Beveridge,3753,430000.0
365,27070,Whittlesea,2016.0,"155,311",Eden Park,3757,714000.0
366,27070,Whittlesea,2016.0,"155,311",Epping,3076,428000.0
367,27070,Whittlesea,2016.0,"155,311",Lalor,3075,460000.0
368,27070,Whittlesea,2016.0,"155,311",Mernda,3754,424000.0
369,27070,Whittlesea,2016.0,"155,311",Mill Park,3082,500000.0
370,27070,Whittlesea,2016.0,"155,311",Morang South,3752,475000.0
371,27070,Whittlesea,2016.0,"155,311",Thomastown,3074,446000.0
372,27070,Whittlesea,2016.0,"155,311",Whittlesea,3757,424000.0
373,27070,Whittlesea,2016.0,"155,311",Wollert,3750,443000.0
374,27260,Wyndham,2016.0,"163,311",Hoppers Crossing,3029,380000.0
375,27260,Wyndham,2016.0,"163,311",Little River,3211,700000.0
376,27260,Wyndham,2016.0,"163,311",Point Cook,3030,480000.0
377,27260,Wyndham,2016.0,"163,311",Tarneit,3029,410000.0
378,27260,Wyndham,2016.0,"163,311",Werribee,3030,358000.0
379,27260,Wyndham,2016.0,"163,311",Werribee South,3030,619000.0
380,27260,Wyndham,2016.0,"163,311",Williams Landing,3027,510000.0
381,27260,Wyndham,2016.0,"163,311",Wyndham Vale,3024,345000.0
382,27350,Yarra,2016.0,"76,983",Abbotsford,3067,893000.0
383,27350,Yarra,2016.0,"76,983",Alphington,3078,1250000.0
384,27350,Yarra,2016.0,"76,983",Burnley,3121,933000.0
385,27350,Yarra,2016.0,"76,983",Clifton Hill,3068,1164000.0
386,27350,Yarra,2016.0,"76,983",Collingwood,3066,841000.0
387,27350,Yarra,2016.0,"76,983",Cremorne,3121,1000000.0
388,27350,Yarra,2016.0,"76,983",Fairfield,3078,1110000.0
389,27350,Yarra,2016.0,"76,983",Fitzroy,3065,1051000.0
390,27350,Yarra,2016.0,"76,983",Fitzroy North,3068,1157000.0
391,27350,Yarra,2016.0,"76,983",Princes Hill,3054,1330000.0
392,27350,Yarra,2016.0,"76,983",Richmond,3121,1006000.0
393,27450,Yarra Ranges,2016.0,"121,080",Badger Creek,3777,420000.0
394,27450,Yarra Ranges,2016.0,"121,080",Belgrave,3160,515000.0
395,27450,Yarra Ranges,2016.0,"121,080",Belgrave Heights,3160,600000.0
396,27450,Yarra Ranges,2016.0,"121,080",Belgrave South,3160,680000.0
397,27450,Yarra Ranges,2016.0,"121,080",Chirnside Park,3116,590000.0
398,27450,Yarra Ranges,2016.0,"121,080",Coldstream,3770,502000.0
399,27450,Yarra Ranges,2016.0,"121,080",Don Valley,3139,456000.0
400,27450,Yarra Ranges,2016.0,"121,080",Ferny Creek,3786,660000.0
401,27450,Yarra Ranges,2016.0,"121,080",Gruyere,3770,846000.0
402,27450,Yarra Ranges,2016.0,"121,080",Healesville,3777,485000.0
403,27450,Yarra Ranges,2016.0,"121,080",Kallista,3791,597000.0
404,27450,Yarra Ranges,2016.0,"121,080",Kalorama,3766,550000.0
405,27450,Yarra Ranges,2016.0,"121,080",Launching Place,3139,449000.0
406,27450,Yarra Ranges,2016.0,"121,080",Lilydale,3140,560000.0
407,27450,Yarra Ranges,2016.0,"121,080",Millgrove,3799,297000.0
408,27450,Yarra Ranges,2016.0,"121,080",Monbulk,3793,550000.0
409,27450,Yarra Ranges,2016.0,"121,080",Montrose,3765,610000.0
410,27450,Yarra Ranges,2016.0,"121,080",Mooroolbark,3138,567000.0
411,27450,Yarra Ranges,2016.0,"121,080",Mount Dandenong,3767,575000.0
412,27450,Yarra Ranges,2016.0,"121,080",Mount Evelyn,3796,533000.0
413,27450,Yarra Ranges,2016.0,"121,080",Olinda,3788,650000.0
414,27450,Yarra Ranges,2016.0,"121,080",Selby,3159,500000.0
415,27450,Yarra Ranges,2016.0,"121,080",Seville,3139,478000.0
416,27450,Yarra Ranges,2016.0,"121,080",Seville East,3139,437000.0
417,27450,Yarra Ranges,2016.0,"121,080",Sherbrooke,3789,678000.0
418,27450,Yarra Ranges,2016.0,"121,080",Silvan,3795,760000.0
419,27450,Yarra Ranges,2016.0,"121,080",Tecoma,3160,550000.0
420,27450,Yarra Ranges,2016.0,"121,080",The Patch,3792,605000.0
421,27450,Yarra Ranges,2016.0,"121,080",Upwey,3158,550000.0
422,27450,Yarra Ranges,2016.0,"121,080",Wandin North,3139,495000.0
423,27450,Yarra Ranges,2016.0,"121,080",Warburton,3799,335000.0
424,27450,Yarra Ranges,2016.0,"121,080",Warburton East,3799,360000.0
425,27450,Yarra Ranges,2016.0,"121,080",Wesburn,3799,440000.0
426,27450,Yarra Ranges,2016.0,"121,080",Woori Yallock,3139,375000.0
427,27450,Yarra Ranges,2016.0,"121,080",Yarra Glen,3775,550000.0
428,27450,Yarra Ranges,2016.0,"121,080",Yarra Junction,3797,422000.0
